[{"_allAttributes":{"publicAttributes":[],"privateAttributes":[{"name":"child_component","memberType":0,"decorator":1,"location":{"uri":"file:///c%3A/Users/HP/Desktop/salesforce/hierarchySystem/force-app/main/default/lwc/child/child.js","range":{"start":{"line":6,"character":4},"end":{"line":49,"character":5}}},"detail":"LWC custom attribute"}]},"_properties":null,"_methods":[{"name":"connectedCallback","type":"method","loc":{"start":{"line":4,"column":4},"end":{"line":6,"column":5}}},{"name":"resetData","type":"method","decorator":"api","loc":{"start":{"line":51,"column":4},"end":{"line":58,"column":5}}},{"name":"clickSelect","type":"method","loc":{"start":{"line":60,"column":4},"end":{"line":73,"column":5}}},{"name":"handleDispatchChild","type":"method","loc":{"start":{"line":75,"column":4},"end":{"line":80,"column":5}}}],"file":"c:/Users/HP/Desktop/salesforce/hierarchySystem/force-app/main/default/lwc/child/child.js","metadata":{"decorators":[{"type":"api","targets":[{"type":"method","name":"resetData"}]},{"type":"track","targets":[{"name":"child_component","type":"property"}]}],"classMembers":[{"name":"connectedCallback","type":"method","loc":{"start":{"line":4,"column":4},"end":{"line":6,"column":5}}},{"name":"child_component","type":"property","decorator":"track","loc":{"start":{"line":7,"column":4},"end":{"line":50,"column":5}}},{"name":"resetData","type":"method","decorator":"api","loc":{"start":{"line":51,"column":4},"end":{"line":58,"column":5}}},{"name":"clickSelect","type":"method","loc":{"start":{"line":60,"column":4},"end":{"line":73,"column":5}}},{"name":"handleDispatchChild","type":"method","loc":{"start":{"line":75,"column":4},"end":{"line":80,"column":5}}}],"declarationLoc":{"start":{"line":3,"column":0},"end":{"line":81,"column":1}},"doc":"","exports":[{"type":"ExportDefaultDeclaration"}]},"updatedAt":"2025-06-01T09:43:59.993Z"},{"_allAttributes":{"publicAttributes":[],"privateAttributes":[{"name":"count","memberType":0,"location":{"uri":"file:///c%3A/Users/HP/Desktop/salesforce/hierarchySystem/force-app/main/default/lwc/grandParent/grandParent.js","range":{"start":{"line":3,"character":3},"end":{"line":3,"character":10}}},"detail":"LWC custom attribute"},{"name":"total-length","memberType":0,"location":{"uri":"file:///c%3A/Users/HP/Desktop/salesforce/hierarchySystem/force-app/main/default/lwc/grandParent/grandParent.js","range":{"start":{"line":4,"character":3},"end":{"line":4,"character":15}}},"detail":"LWC custom attribute"}]},"_properties":null,"_methods":[{"name":"showDispatch","type":"method","loc":{"start":{"line":9,"column":4},"end":{"line":13,"column":5}}},{"name":"handleReset","type":"method","loc":{"start":{"line":15,"column":4},"end":{"line":24,"column":5}}}],"file":"c:/Users/HP/Desktop/salesforce/hierarchySystem/force-app/main/default/lwc/grandParent/grandParent.js","metadata":{"decorators":[],"classMembers":[{"name":"count","type":"property","loc":{"start":{"line":4,"column":3},"end":{"line":4,"column":10}}},{"name":"totalLength","type":"property","loc":{"start":{"line":5,"column":3},"end":{"line":5,"column":15}}},{"name":"showDispatch","type":"method","loc":{"start":{"line":9,"column":4},"end":{"line":13,"column":5}}},{"name":"handleReset","type":"method","loc":{"start":{"line":15,"column":4},"end":{"line":24,"column":5}}}],"declarationLoc":{"start":{"line":3,"column":0},"end":{"line":26,"column":5}},"doc":"","exports":[{"type":"ExportDefaultDeclaration"}]},"updatedAt":"2025-05-28T13:55:49.354Z"},{"_allAttributes":{"publicAttributes":[{"name":"reset-data","memberType":0,"decorator":0,"location":{"uri":"file:///c%3A/Users/HP/Desktop/salesforce/hierarchySystem/force-app/main/default/lwc/parent/parent.js","range":{"start":{"line":6,"character":4},"end":{"line":6,"character":19}}},"detail":"LWC custom attribute"}],"privateAttributes":[{"name":"updated-child-component","memberType":0,"decorator":1,"location":{"uri":"file:///c%3A/Users/HP/Desktop/salesforce/hierarchySystem/force-app/main/default/lwc/parent/parent.js","range":{"start":{"line":3,"character":4},"end":{"line":3,"character":33}}},"detail":"LWC custom attribute"},{"name":"count","memberType":0,"decorator":1,"location":{"uri":"file:///c%3A/Users/HP/Desktop/salesforce/hierarchySystem/force-app/main/default/lwc/parent/parent.js","range":{"start":{"line":4,"character":4},"end":{"line":4,"character":21}}},"detail":"LWC custom attribute"},{"name":"total-length","memberType":0,"decorator":1,"location":{"uri":"file:///c%3A/Users/HP/Desktop/salesforce/hierarchySystem/force-app/main/default/lwc/parent/parent.js","range":{"start":{"line":5,"character":4},"end":{"line":5,"character":23}}},"detail":"LWC custom attribute"}]},"_properties":null,"_methods":[{"name":"resetChild","type":"method","decorator":"api","loc":{"start":{"line":9,"column":5},"end":{"line":23,"column":5}}},{"name":"connectedCallback","type":"method","loc":{"start":{"line":25,"column":4},"end":{"line":27,"column":5}}},{"name":"handleSave","type":"method","loc":{"start":{"line":29,"column":4},"end":{"line":33,"column":5}}},{"name":"selectCount","type":"method","loc":{"start":{"line":36,"column":4},"end":{"line":46,"column":5}}},{"name":"handleDispathParent","type":"method","loc":{"start":{"line":48,"column":4},"end":{"line":55,"column":1}}}],"file":"c:/Users/HP/Desktop/salesforce/hierarchySystem/force-app/main/default/lwc/parent/parent.js","metadata":{"decorators":[{"type":"api","targets":[{"name":"resetData","type":"property","value":{"type":"unresolved"}},{"type":"method","name":"resetChild"}]},{"type":"track","targets":[{"name":"updatedChildComponent","type":"property"},{"name":"count","type":"property"},{"name":"totalLength","type":"property"}]}],"classMembers":[{"name":"updatedChildComponent","type":"property","decorator":"track","loc":{"start":{"line":4,"column":4},"end":{"line":4,"column":33}}},{"name":"count","type":"property","decorator":"track","loc":{"start":{"line":5,"column":4},"end":{"line":5,"column":21}}},{"name":"totalLength","type":"property","decorator":"track","loc":{"start":{"line":6,"column":4},"end":{"line":6,"column":23}}},{"name":"resetData","type":"property","value":{"type":"unresolved"},"decorator":"api","loc":{"start":{"line":7,"column":4},"end":{"line":7,"column":19}}},{"name":"resetChild","type":"method","decorator":"api","loc":{"start":{"line":9,"column":5},"end":{"line":23,"column":5}}},{"name":"connectedCallback","type":"method","loc":{"start":{"line":25,"column":4},"end":{"line":27,"column":5}}},{"name":"handleSave","type":"method","loc":{"start":{"line":29,"column":4},"end":{"line":33,"column":5}}},{"name":"selectCount","type":"method","loc":{"start":{"line":36,"column":4},"end":{"line":46,"column":5}}},{"name":"handleDispathParent","type":"method","loc":{"start":{"line":48,"column":4},"end":{"line":55,"column":1}}}],"declarationLoc":{"start":{"line":3,"column":0},"end":{"line":60,"column":1}},"doc":"","exports":[{"type":"ExportDefaultDeclaration"}]},"updatedAt":"2025-05-29T11:15:25.785Z"}]